{"mean":{"confidence_interval":{"confidence_level":0.95,"lower_bound":37340746.887125,"upper_bound":38835880.8325},"point_estimate":38122000.275,"standard_error":382283.8472026839},"median":{"confidence_interval":{"confidence_level":0.95,"lower_bound":39556740.5,"upper_bound":39817900.5},"point_estimate":39696548.0,"standard_error":64743.49218027231},"median_abs_dev":{"confidence_interval":{"confidence_level":0.95,"lower_bound":655006.2468600649,"upper_bound":1599855.0990968943},"point_estimate":1030872.5180983543,"standard_error":228315.5787303582},"slope":null,"std_dev":{"confidence_interval":{"confidence_level":0.95,"lower_bound":2974865.7110413536,"upper_bound":4545246.022349698},"point_estimate":3839353.150948017,"standard_error":399921.6997639787}}