{"mean":{"confidence_interval":{"confidence_level":0.95,"lower_bound":13627608.71475,"upper_bound":13764766.813437501},"point_estimate":13695204.7275,"standard_error":35064.58754674896},"median":{"confidence_interval":{"confidence_level":0.95,"lower_bound":13588840.25,"upper_bound":13722394.75},"point_estimate":13670567.375,"standard_error":31200.96640939263},"median_abs_dev":{"confidence_interval":{"confidence_level":0.95,"lower_bound":233245.22240906954,"upper_bound":406472.4257236719},"point_estimate":336595.04267424345,"standard_error":43706.63199474289},"slope":null,"std_dev":{"confidence_interval":{"confidence_level":0.95,"lower_bound":294525.7474717362,"upper_bound":405986.10904178943},"point_estimate":352753.75378004013,"standard_error":28512.987806083256}}