{"mean":{"confidence_interval":{"confidence_level":0.95,"lower_bound":29049883.811375,"upper_bound":30812586.128999997},"point_estimate":29909939.505,"standard_error":448849.3184724216},"median":{"confidence_interval":{"confidence_level":0.95,"lower_bound":28038536.5,"upper_bound":29949896.0},"point_estimate":29158881.25,"standard_error":482163.96365615394},"median_abs_dev":{"confidence_interval":{"confidence_level":0.95,"lower_bound":3091027.0951732993,"upper_bound":5137889.449982974},"point_estimate":4177846.6352283955,"standard_error":517068.89323906903},"slope":null,"std_dev":{"confidence_interval":{"confidence_level":0.95,"lower_bound":3745457.954083798,"upper_bound":5183517.591712435},"point_estimate":4508812.2829062315,"standard_error":366528.3810378279}}