{"mean":{"confidence_interval":{"confidence_level":0.95,"lower_bound":161536153.919,"upper_bound":227714673.57924998},"point_estimate":192490014.2,"standard_error":16854439.79569519},"median":{"confidence_interval":{"confidence_level":0.95,"lower_bound":126404307.0,"upper_bound":165962142.0},"point_estimate":147247104.0,"standard_error":10804533.583274035},"median_abs_dev":{"confidence_interval":{"confidence_level":0.95,"lower_bound":75394133.84498656,"upper_bound":116817960.80096662},"point_estimate":101714802.34250128,"standard_error":10397534.624747457},"slope":null,"std_dev":{"confidence_interval":{"confidence_level":0.95,"lower_bound":113862839.83990581,"upper_bound":217731362.30289906},"point_estimate":168430523.58021736,"standard_error":26688783.101587012}}