{"mean":{"confidence_interval":{"confidence_level":0.95,"lower_bound":11101985.352150002,"upper_bound":11223283.427149996},"point_estimate":11161942.018,"standard_error":30878.266242279125},"median":{"confidence_interval":{"confidence_level":0.95,"lower_bound":11060480.6,"upper_bound":11222792.7},"point_estimate":11153995.3,"standard_error":37766.80284846317},"median_abs_dev":{"confidence_interval":{"confidence_level":0.95,"lower_bound":237548.39470267185,"upper_bound":378287.75544405065},"point_estimate":307652.54141807667,"standard_error":36542.38617345369},"slope":null,"std_dev":{"confidence_interval":{"confidence_level":0.95,"lower_bound":266725.14719731826,"upper_bound":351098.0066620171},"point_estimate":311239.19733371877,"standard_error":21527.983512468385}}