{"mean":{"confidence_interval":{"confidence_level":0.95,"lower_bound":22975936.925,"upper_bound":23329381.502249997},"point_estimate":23153171.385,"standard_error":90268.68046839323},"median":{"confidence_interval":{"confidence_level":0.95,"lower_bound":23032225.5,"upper_bound":23457530.25},"point_estimate":23260900.75,"standard_error":102399.27883110337},"median_abs_dev":{"confidence_interval":{"confidence_level":0.95,"lower_bound":690397.3908317465,"upper_bound":1211625.91778934},"point_estimate":914435.7878655195,"standard_error":134484.9662746576},"slope":null,"std_dev":{"confidence_interval":{"confidence_level":0.95,"lower_bound":801033.4656289917,"upper_bound":1003655.2610533093},"point_estimate":909423.3481978917,"standard_error":51849.42608897871}}