{"mean":{"confidence_interval":{"confidence_level":0.95,"lower_bound":23491046.643625,"upper_bound":23840651.747874998},"point_estimate":23663654.275,"standard_error":88928.31905578022},"median":{"confidence_interval":{"confidence_level":0.95,"lower_bound":23310916.0,"upper_bound":23830803.0},"point_estimate":23503105.0,"standard_error":134798.8042545471},"median_abs_dev":{"confidence_interval":{"confidence_level":0.95,"lower_bound":706365.4836595058,"upper_bound":1154565.833902359},"point_estimate":875992.3411980271,"standard_error":111957.09816573106},"slope":null,"std_dev":{"confidence_interval":{"confidence_level":0.95,"lower_bound":769597.0143694369,"upper_bound":1007035.4715108341},"point_estimate":894739.2836139373,"standard_error":60590.10973854454}}