{"mean":{"confidence_interval":{"confidence_level":0.95,"lower_bound":9208004.249374999,"upper_bound":9324411.752833331},"point_estimate":9265698.918333331,"standard_error":29762.688013187624},"median":{"confidence_interval":{"confidence_level":0.95,"lower_bound":9202728.666666666,"upper_bound":9306074.333333332},"point_estimate":9249874.583333334,"standard_error":26806.553222231625},"median_abs_dev":{"confidence_interval":{"confidence_level":0.95,"lower_bound":211018.70135366824,"upper_bound":380516.9433444729},"point_estimate":298775.52349567506,"standard_error":44141.29819503394},"slope":null,"std_dev":{"confidence_interval":{"confidence_level":0.95,"lower_bound":259013.6470332118,"upper_bound":333334.19527209736},"point_estimate":298493.36460996425,"standard_error":19006.88309623442}}