{"mean":{"confidence_interval":{"confidence_level":0.95,"lower_bound":183797653.61450002,"upper_bound":255133036.32874998},"point_estimate":218337006.44,"standard_error":18227485.967369482},"median":{"confidence_interval":{"confidence_level":0.95,"lower_bound":128033376.0,"upper_bound":203820411.0},"point_estimate":188730241.0,"standard_error":22223564.613580383},"median_abs_dev":{"confidence_interval":{"confidence_level":0.95,"lower_bound":103297361.74535775,"upper_bound":178682363.9420539},"point_estimate":153784209.34778452,"standard_error":18810674.29355994},"slope":null,"std_dev":{"confidence_interval":{"confidence_level":0.95,"lower_bound":144203378.90489736,"upper_bound":218682187.94451293},"point_estimate":183858066.35397002,"standard_error":19084256.557042886}}