{"mean":{"confidence_interval":{"confidence_level":0.95,"lower_bound":59220903.98425,"upper_bound":59702291.17875},"point_estimate":59461303.25,"standard_error":122455.31100215844},"median":{"confidence_interval":{"confidence_level":0.95,"lower_bound":59359577.0,"upper_bound":59708688.0},"point_estimate":59505613.0,"standard_error":84346.77778176671},"median_abs_dev":{"confidence_interval":{"confidence_level":0.95,"lower_bound":608111.340971366,"upper_bound":1086198.719848618},"point_estimate":847720.2716499567,"standard_error":119026.61105673156},"slope":null,"std_dev":{"confidence_interval":{"confidence_level":0.95,"lower_bound":1030306.9206223667,"upper_bound":1408091.019133914},"point_estimate":1229990.1720876922,"standard_error":96620.30521229154}}