{"mean":{"confidence_interval":{"confidence_level":0.95,"lower_bound":26683280.354625,"upper_bound":26945432.9205},"point_estimate":26810735.09,"standard_error":66872.64822280778},"median":{"confidence_interval":{"confidence_level":0.95,"lower_bound":26530607.75,"upper_bound":26902945.5},"point_estimate":26685658.5,"standard_error":84349.71827045675},"median_abs_dev":{"confidence_interval":{"confidence_level":0.95,"lower_bound":505089.93513286114,"upper_bound":776509.456716701},"point_estimate":617694.5150837302,"standard_error":68107.6803528445},"slope":null,"std_dev":{"confidence_interval":{"confidence_level":0.95,"lower_bound":539217.1164185776,"upper_bound":806056.4714230343},"point_estimate":673142.6807580944,"standard_error":69061.44931123962}}