{"mean":{"confidence_interval":{"confidence_level":0.95,"lower_bound":22077732.778375,"upper_bound":22447344.46575},"point_estimate":22261924.225,"standard_error":94359.79918817386},"median":{"confidence_interval":{"confidence_level":0.95,"lower_bound":21870116.25,"upper_bound":22414406.25},"point_estimate":22048360.75,"standard_error":149029.07883318825},"median_abs_dev":{"confidence_interval":{"confidence_level":0.95,"lower_bound":726720.0986981392,"upper_bound":1280602.3989647627},"point_estimate":969213.0384430289,"standard_error":142955.9136935715},"slope":null,"std_dev":{"confidence_interval":{"confidence_level":0.95,"lower_bound":835448.0628264431,"upper_bound":1052539.9000822476},"point_estimate":951452.4618408357,"standard_error":55143.099970000985}}