{"mean":{"confidence_interval":{"confidence_level":0.95,"lower_bound":13039901.5105625,"upper_bound":13171862.6234375},"point_estimate":13105187.9675,"standard_error":33594.703999546735},"median":{"confidence_interval":{"confidence_level":0.95,"lower_bound":12988790.0,"upper_bound":13188318.5},"point_estimate":13063187.125,"standard_error":50963.60052531813},"median_abs_dev":{"confidence_interval":{"confidence_level":0.95,"lower_bound":276698.7450376153,"upper_bound":429843.1680187583},"point_estimate":365434.39203724265,"standard_error":40401.79808763758},"slope":null,"std_dev":{"confidence_interval":{"confidence_level":0.95,"lower_bound":288184.3288746322,"upper_bound":383207.0882156246},"point_estimate":336779.1150457197,"standard_error":24378.41226359467}}