{"mean":{"confidence_interval":{"confidence_level":0.95,"lower_bound":13952892.522374999,"upper_bound":14077127.8699375},"point_estimate":14014543.5525,"standard_error":31741.85453511925},"median":{"confidence_interval":{"confidence_level":0.95,"lower_bound":13940149.5,"upper_bound":14035715.5},"point_estimate":13976712.875,"standard_error":23051.715424126505},"median_abs_dev":{"confidence_interval":{"confidence_level":0.95,"lower_bound":169027.06245291984,"upper_bound":317175.20691901445},"point_estimate":254870.98160013556,"standard_error":37628.94501758547},"slope":null,"std_dev":{"confidence_interval":{"confidence_level":0.95,"lower_bound":262213.5140395503,"upper_bound":371502.09890829},"point_estimate":318788.5497680556,"standard_error":27782.87744962635}}