{"mean":{"confidence_interval":{"confidence_level":0.95,"lower_bound":8486449.23,"upper_bound":8599707.968},"point_estimate":8541510.95142857,"standard_error":28830.80840325618},"median":{"confidence_interval":{"confidence_level":0.95,"lower_bound":8454769.0,"upper_bound":8577490.0},"point_estimate":8506645.357142856,"standard_error":37050.11702355669},"median_abs_dev":{"confidence_interval":{"confidence_level":0.95,"lower_bound":186519.6545886138,"upper_bound":291148.1114310861},"point_estimate":238930.0931581427,"standard_error":26635.201065796115},"slope":null,"std_dev":{"confidence_interval":{"confidence_level":0.95,"lower_bound":220645.02337653562,"upper_bound":361210.06473457575},"point_estimate":288597.90086834494,"standard_error":36552.06836051131}}