{"mean":{"confidence_interval":{"confidence_level":0.95,"lower_bound":9086454.275166672,"upper_bound":9233182.103333335},"point_estimate":9156766.706666667,"standard_error":37345.58002767944},"median":{"confidence_interval":{"confidence_level":0.95,"lower_bound":9053129.166666666,"upper_bound":9231021.0},"point_estimate":9157708.916666668,"standard_error":43712.71557572021},"median_abs_dev":{"confidence_interval":{"confidence_level":0.95,"lower_bound":243049.90313500073,"upper_bound":404581.4590309934},"point_estimate":331261.8834689241,"standard_error":40652.049631154936},"slope":null,"std_dev":{"confidence_interval":{"confidence_level":0.95,"lower_bound":281153.14261138526,"upper_bound":475555.3526915155},"point_estimate":375435.0265905092,"standard_error":50908.43755123488}}