{"mean":{"confidence_interval":{"confidence_level":0.95,"lower_bound":23834249.7825,"upper_bound":24031567.857},"point_estimate":23931452.18,"standard_error":50228.91882155397},"median":{"confidence_interval":{"confidence_level":0.95,"lower_bound":23694093.5,"upper_bound":23954936.0},"point_estimate":23861227.5,"standard_error":76024.76764755983},"median_abs_dev":{"confidence_interval":{"confidence_level":0.95,"lower_bound":364321.66369199794,"upper_bound":628254.7040462494},"point_estimate":498798.89279454947,"standard_error":63792.032171450366},"slope":null,"std_dev":{"confidence_interval":{"confidence_level":0.95,"lower_bound":438361.4464011722,"upper_bound":564217.5207386394},"point_estimate":506119.77273760736,"standard_error":32057.791115661996}}