{"mean":{"confidence_interval":{"confidence_level":0.95,"lower_bound":21913634.154124998,"upper_bound":22256177.385375},"point_estimate":22083794.095,"standard_error":87510.99302985711},"median":{"confidence_interval":{"confidence_level":0.95,"lower_bound":21904598.0,"upper_bound":22314163.75},"point_estimate":22131486.25,"standard_error":119389.17154755384},"median_abs_dev":{"confidence_interval":{"confidence_level":0.95,"lower_bound":661273.0857538059,"upper_bound":1148396.7354118824},"point_estimate":836568.1546479464,"standard_error":135774.64493026925},"slope":null,"std_dev":{"confidence_interval":{"confidence_level":0.95,"lower_bound":761651.4068419997,"upper_bound":987203.4298749896},"point_estimate":878528.5482293637,"standard_error":57817.69961518598}}