{"mean":{"confidence_interval":{"confidence_level":0.95,"lower_bound":55492874.0135,"upper_bound":56327106.104},"point_estimate":55894641.78,"standard_error":212448.15375064884},"median":{"confidence_interval":{"confidence_level":0.95,"lower_bound":55416130.5,"upper_bound":55856661.0},"point_estimate":55604203.5,"standard_error":130307.72915229724},"median_abs_dev":{"confidence_interval":{"confidence_level":0.95,"lower_bound":883818.615809083,"upper_bound":2305524.502068758},"point_estimate":1453824.1907894611,"standard_error":376977.59051852016},"slope":null,"std_dev":{"confidence_interval":{"confidence_level":0.95,"lower_bound":1660537.4742889728,"upper_bound":2603214.513460311},"point_estimate":2133597.845891971,"standard_error":242812.83944967441}}