{"mean":{"confidence_interval":{"confidence_level":0.95,"lower_bound":24296094.011375003,"upper_bound":24969398.649375},"point_estimate":24622102.35,"standard_error":172105.7500631579},"median":{"confidence_interval":{"confidence_level":0.95,"lower_bound":23772578.5,"upper_bound":24558114.5},"point_estimate":24206687.5,"standard_error":207796.6155188643},"median_abs_dev":{"confidence_interval":{"confidence_level":0.95,"lower_bound":1106774.2237508297,"upper_bound":1951851.390297711},"point_estimate":1573707.2246611118,"standard_error":228304.42088508455},"slope":null,"std_dev":{"confidence_interval":{"confidence_level":0.95,"lower_bound":1405227.6159913456,"upper_bound":2006372.0251909883},"point_estimate":1725927.3144482714,"standard_error":153552.61251023284}}