{"mean":{"confidence_interval":{"confidence_level":0.95,"lower_bound":10497124.007949993,"upper_bound":10620991.765999997},"point_estimate":10557390.663999993,"standard_error":31758.575224048116},"median":{"confidence_interval":{"confidence_level":0.95,"lower_bound":10424249.0,"upper_bound":10605326.4},"point_estimate":10500472.6,"standard_error":49219.570553640864},"median_abs_dev":{"confidence_interval":{"confidence_level":0.95,"lower_bound":216591.84407472637,"upper_bound":349013.3741837737},"point_estimate":283299.799030424,"standard_error":34522.25995395362},"slope":null,"std_dev":{"confidence_interval":{"confidence_level":0.95,"lower_bound":261702.1462757005,"upper_bound":378862.21073220373},"point_estimate":320086.4665527258,"standard_error":30000.184749591575}}